"Date","Source","Site ID","POC","Daily Mean PM2.5 Concentration","UNITS","DAILY_AQI_VALUE","Site Name","DAILY_OBS_COUNT","PERCENT_COMPLETE","AQS_PARAMETER_CODE","AQS_PARAMETER_DESC","CBSA_CODE","CBSA_NAME","STATE_CODE","STATE","COUNTY_CODE","COUNTY","SITE_LATITUDE","SITE_LONGITUDE"
"01/01/2022","AQS","370630015","3","5.3","ug/m3 LC","22","Durham Armory","1","100.0000","88101","PM2.5 - Local Conditions","20500","Durham-Chapel Hill, NC","37","North Carolina","063","Durham","36.0329550008979","-78.904037"
"01/02/2022","AQS","370630015","3","2.8","ug/m3 LC","12","Durham Armory","1","100.0000","88101","PM2.5 - Local Conditions","20500","Durham-Chapel Hill, NC","37","North Carolina","063","Durham","36.0329550008979","-78.904037"
"01/03/2022","AQS","370630015","3","2.3","ug/m3 LC","10","Durham Armory","1","100.0000","88101","PM2.5 - Local Conditions","20500","Durham-Chapel Hill, NC","37","North Carolina","063","Durham","36.0329550008979","-78.904037"
"01/04/2022","AQS","370630015","3","5.1","ug/m3 LC","21","Durham Armory","1","100.0000","88101","PM2.5 - Local Conditions","20500","Durham-Chapel Hill, NC","37","North Carolina","063","Durham","36.0329550008979","-78.904037"
"01/05/2022","AQS","370630015","3","8.5","ug/m3 LC","35","Durham Armory","1","100.0000","88101","PM2.5 - Local Conditions","20500","Durham-Chapel Hill, NC","37","North Carolina","063","Durham","36.0329550008979","-78.904037"
"01/06/2022","AQS","370630015","3","7","ug/m3 LC","29","Durham Armory","1","100.0000","88101","PM2.5 - Local Conditions","20500","Durham-Chapel Hill, NC","37","North Carolina","063","Durham","36.0329550008979","-78.904037"
"01/07/2022","AQS","370630015","3","3.6","ug/m3 LC","15","Durham Armory","1","100.0000","88101","PM2.5 - Local Conditions","20500","Durham-Chapel Hill, NC","37","North Carolina","063","Durham","36.0329550008979","-78.904037"
"01/08/2022","AQS","370630015","3","6.7","ug/m3 LC","28","Durham Armory","1","100.0000","88101","PM2.5 - Local Conditions","20500","Durham-Chapel Hill, NC","37","North Carolina","063","Durham","36.0329550008979","-78.904037"
"01/09/2022","AQS","370630015","3","6.7","ug/m3 LC","28","Durham Armory","1","100.0000","88101","PM2.5 - Local Conditions","20500","Durham-Chapel Hill, NC","37","North Carolina","063","Durham","36.0329550008979","-78.904037"
"01/10/2022","AQS","370630015","3","3.5","ug/m3 LC","15","Durham Armory","1","100.0000","88101","PM2.5 - Local Conditions","20500","Durham-Chapel Hill, NC","37","North Carolina","063","Durham","36.0329550008979","-78.904037"
"01/11/2022","AQS","370630015","3","5.9","ug/m3 LC","25","Durham Armory","1","100.0000","88101","PM2.5 - Local Conditions","20500","Durham-Chapel Hill, NC","37","North Carolina","063","Durham","36.0329550008979","-78.904037"
"01/12/2022","AQS","370630015","3","8.6","ug/m3 LC","36","Durham Armory","1","100.0000","88101","PM2.5 - Local Conditions","20500","Durham-Chapel Hill, NC","37","North Carolina","063","Durham","36.0329550008979","-78.904037"
"01/13/2022","AQS","370630015","3","11.8","ug/m3 LC","49","Durham Armory","1","100.0000","88101","PM2.5 - Local Conditions","20500","Durham-Chapel Hill, NC","37","North Carolina","063","Durham","36.0329550008979","-78.904037"
"01/14/2022","AQS","370630015","3","8.5","ug/m3 LC","35","Durham Armory","1","100.0000","88101","PM2.5 - Local Conditions","20500","Durham-Chapel Hill, NC","37","North Carolina","063","Durham","36.0329550008979","-78.904037"
"01/15/2022","AQS","370630015","3","6.7","ug/m3 LC","28","Durham Armory","1","100.0000","88101","PM2.5 - Local Conditions","20500","Durham-Chapel Hill, NC","37","North Carolina","063","Durham","36.0329550008979","-78.904037"
"01/16/2022","AQS","370630015","3","4.6","ug/m3 LC","19","Durham Armory","1","100.0000","88101","PM2.5 - Local Conditions","20500","Durham-Chapel Hill, NC","37","North Carolina","063","Durham","36.0329550008979","-78.904037"
"01/17/2022","AQS","370630015","3","4.6","ug/m3 LC","19","Durham Armory","1","100.0000","88101","PM2.5 - Local Conditions","20500","Durham-Chapel Hill, NC","37","North Carolina","063","Durham","36.0329550008979","-78.904037"
"01/18/2022","AQS","370630015","3","5.7","ug/m3 LC","24","Durham Armory","1","100.0000","88101","PM2.5 - Local Conditions","20500","Durham-Chapel Hill, NC","37","North Carolina","063","Durham","36.0329550008979","-78.904037"
"01/19/2022","AQS","370630015","3","11","ug/m3 LC","46","Durham Armory","1","100.0000","88101","PM2.5 - Local Conditions","20500","Durham-Chapel Hill, NC","37","North Carolina","063","Durham","36.0329550008979","-78.904037"
"01/20/2022","AQS","370630015","3","9.2","ug/m3 LC","38","Durham Armory","1","100.0000","88101","PM2.5 - Local Conditions","20500","Durham-Chapel Hill, NC","37","North Carolina","063","Durham","36.0329550008979","-78.904037"
"01/21/2022","AQS","370630015","3","4.5","ug/m3 LC","19","Durham Armory","1","100.0000","88101","PM2.5 - Local Conditions","20500","Durham-Chapel Hill, NC","37","North Carolina","063","Durham","36.0329550008979","-78.904037"
"01/22/2022","AQS","370630015","3","6.7","ug/m3 LC","28","Durham Armory","1","100.0000","88101","PM2.5 - Local Conditions","20500","Durham-Chapel Hill, NC","37","North Carolina","063","Durham","36.0329550008979","-78.904037"
"01/23/2022","AQS","370630015","3","11.7","ug/m3 LC","49","Durham Armory","1","100.0000","88101","PM2.5 - Local Conditions","20500","Durham-Chapel Hill, NC","37","North Carolina","063","Durham","36.0329550008979","-78.904037"
"01/24/2022","AQS","370630015","3","9.2","ug/m3 LC","38","Durham Armory","1","100.0000","88101","PM2.5 - Local Conditions","20500","Durham-Chapel Hill, NC","37","North Carolina","063","Durham","36.0329550008979","-78.904037"
"01/25/2022","AQS","370630015","3","11.5","ug/m3 LC","48","Durham Armory","1","100.0000","88101","PM2.5 - Local Conditions","20500","Durham-Chapel Hill, NC","37","North Carolina","063","Durham","36.0329550008979","-78.904037"
"01/26/2022","AQS","370630015","3","8.1","ug/m3 LC","34","Durham Armory","1","100.0000","88101","PM2.5 - Local Conditions","20500","Durham-Chapel Hill, NC","37","North Carolina","063","Durham","36.0329550008979","-78.904037"
"01/27/2022","AQS","370630015","3","11.3","ug/m3 LC","47","Durham Armory","1","100.0000","88101","PM2.5 - Local Conditions","20500","Durham-Chapel Hill, NC","37","North Carolina","063","Durham","36.0329550008979","-78.904037"
"01/28/2022","AQS","370630015","3","15","ug/m3 LC","57","Durham Armory","1","100.0000","88101","PM2.5 - Local Conditions","20500","Durham-Chapel Hill, NC","37","North Carolina","063","Durham","36.0329550008979","-78.904037"
"01/29/2022","AQS","370630015","3","6.3","ug/m3 LC","26","Durham Armory","1","100.0000","88101","PM2.5 - Local Conditions","20500","Durham-Chapel Hill, NC","37","North Carolina","063","Durham","36.0329550008979","-78.904037"
"01/30/2022","AQS","370630015","3","6.8","ug/m3 LC","28","Durham Armory","1","100.0000","88101","PM2.5 - Local Conditions","20500","Durham-Chapel Hill, NC","37","North Carolina","063","Durham","36.0329550008979","-78.904037"
"01/31/2022","AQS","370630015","3","10.8","ug/m3 LC","45","Durham Armory","1","100.0000","88101","PM2.5 - Local Conditions","20500","Durham-Chapel Hill, NC","37","North Carolina","063","Durham","36.0329550008979","-78.904037"
"02/01/2022","AQS","370630015","3","10.8","ug/m3 LC","45","Durham Armory","1","100.0000","88101","PM2.5 - Local Conditions","20500","Durham-Chapel Hill, NC","37","North Carolina","063","Durham","36.0329550008979","-78.904037"
"02/02/2022","AQS","370630015","3","10.1","ug/m3 LC","42","Durham Armory","1","100.0000","88101","PM2.5 - Local Conditions","20500","Durham-Chapel Hill, NC","37","North Carolina","063","Durham","36.0329550008979","-78.904037"
"02/03/2022","AQS","370630015","3","10","ug/m3 LC","42","Durham Armory","1","100.0000","88101","PM2.5 - Local Conditions","20500","Durham-Chapel Hill, NC","37","North Carolina","063","Durham","36.0329550008979","-78.904037"
"02/04/2022","AQS","370630015","3","3","ug/m3 LC","13","Durham Armory","1","100.0000","88101","PM2.5 - Local Conditions","20500","Durham-Chapel Hill, NC","37","North Carolina","063","Durham","36.0329550008979","-78.904037"
"02/05/2022","AQS","370630015","3","3.7","ug/m3 LC","15","Durham Armory","1","100.0000","88101","PM2.5 - Local Conditions","20500","Durham-Chapel Hill, NC","37","North Carolina","063","Durham","36.0329550008979","-78.904037"
"02/06/2022","AQS","370630015","3","7.5","ug/m3 LC","31","Durham Armory","1","100.0000","88101","PM2.5 - Local Conditions","20500","Durham-Chapel Hill, NC","37","North Carolina","063","Durham","36.0329550008979","-78.904037"
"02/07/2022","AQS","370630015","3","6.2","ug/m3 LC","26","Durham Armory","1","100.0000","88101","PM2.5 - Local Conditions","20500","Durham-Chapel Hill, NC","37","North Carolina","063","Durham","36.0329550008979","-78.904037"
"02/08/2022","AQS","370630015","3","7","ug/m3 LC","29","Durham Armory","1","100.0000","88101","PM2.5 - Local Conditions","20500","Durham-Chapel Hill, NC","37","North Carolina","063","Durham","36.0329550008979","-78.904037"
"02/09/2022","AQS","370630015","3","8.5","ug/m3 LC","35","Durham Armory","1","100.0000","88101","PM2.5 - Local Conditions","20500","Durham-Chapel Hill, NC","37","North Carolina","063","Durham","36.0329550008979","-78.904037"
"02/10/2022","AQS","370630015","3","6.8","ug/m3 LC","28","Durham Armory","1","100.0000","88101","PM2.5 - Local Conditions","20500","Durham-Chapel Hill, NC","37","North Carolina","063","Durham","36.0329550008979","-78.904037"
"02/11/2022","AQS","370630015","3","9.3","ug/m3 LC","39","Durham Armory","1","100.0000","88101","PM2.5 - Local Conditions","20500","Durham-Chapel Hill, NC","37","North Carolina","063","Durham","36.0329550008979","-78.904037"
"02/12/2022","AQS","370630015","3","17.4","ug/m3 LC","62","Durham Armory","1","100.0000","88101","PM2.5 - Local Conditions","20500","Durham-Chapel Hill, NC","37","North Carolina","063","Durham","36.0329550008979","-78.904037"
"02/13/2022","AQS","370630015","3","9.7","ug/m3 LC","40","Durham Armory","1","100.0000","88101","PM2.5 - Local Conditions","20500","Durham-Chapel Hill, NC","37","North Carolina","063","Durham","36.0329550008979","-78.904037"
"02/14/2022","AQS","370630015","3","7.2","ug/m3 LC","30","Durham Armory","1","100.0000","88101","PM2.5 - Local Conditions","20500","Durham-Chapel Hill, NC","37","North Carolina","063","Durham","36.0329550008979","-78.904037"
"02/15/2022","AQS","370630015","3","8.6","ug/m3 LC","36","Durham Armory","1","100.0000","88101","PM2.5 - Local Conditions","20500","Durham-Chapel Hill, NC","37","North Carolina","063","Durham","36.0329550008979","-78.904037"
"02/16/2022","AQS","370630015","3","9.7","ug/m3 LC","40","Durham Armory","1","100.0000","88101","PM2.5 - Local Conditions","20500","Durham-Chapel Hill, NC","37","North Carolina","063","Durham","36.0329550008979","-78.904037"
"02/17/2022","AQS","370630015","3","5.8","ug/m3 LC","24","Durham Armory","1","100.0000","88101","PM2.5 - Local Conditions","20500","Durham-Chapel Hill, NC","37","North Carolina","063","Durham","36.0329550008979","-78.904037"
"02/18/2022","AQS","370630015","3","2.3","ug/m3 LC","10","Durham Armory","1","100.0000","88101","PM2.5 - Local Conditions","20500","Durham-Chapel Hill, NC","37","North Carolina","063","Durham","36.0329550008979","-78.904037"
"02/19/2022","AQS","370630015","3","3.2","ug/m3 LC","13","Durham Armory","1","100.0000","88101","PM2.5 - Local Conditions","20500","Durham-Chapel Hill, NC","37","North Carolina","063","Durham","36.0329550008979","-78.904037"
"02/20/2022","AQS","370630015","3","4.7","ug/m3 LC","20","Durham Armory","1","100.0000","88101","PM2.5 - Local Conditions","20500","Durham-Chapel Hill, NC","37","North Carolina","063","Durham","36.0329550008979","-78.904037"
"02/21/2022","AQS","370630015","3","9.6","ug/m3 LC","40","Durham Armory","1","100.0000","88101","PM2.5 - Local Conditions","20500","Durham-Chapel Hill, NC","37","North Carolina","063","Durham","36.0329550008979","-78.904037"
"02/22/2022","AQS","370630015","3","4.2","ug/m3 LC","18","Durham Armory","1","100.0000","88101","PM2.5 - Local Conditions","20500","Durham-Chapel Hill, NC","37","North Carolina","063","Durham","36.0329550008979","-78.904037"
"02/23/2022","AQS","370630015","3","7.2","ug/m3 LC","30","Durham Armory","1","100.0000","88101","PM2.5 - Local Conditions","20500","Durham-Chapel Hill, NC","37","North Carolina","063","Durham","36.0329550008979","-78.904037"
"02/24/2022","AQS","370630015","3","5.7","ug/m3 LC","24","Durham Armory","1","100.0000","88101","PM2.5 - Local Conditions","20500","Durham-Chapel Hill, NC","37","North Carolina","063","Durham","36.0329550008979","-78.904037"
"02/25/2022","AQS","370630015","3","5.3","ug/m3 LC","22","Durham Armory","1","100.0000","88101","PM2.5 - Local Conditions","20500","Durham-Chapel Hill, NC","37","North Carolina","063","Durham","36.0329550008979","-78.904037"
"02/26/2022","AQS","370630015","3","4.7","ug/m3 LC","20","Durham Armory","1","100.0000","88101","PM2.5 - Local Conditions","20500","Durham-Chapel Hill, NC","37","North Carolina","063","Durham","36.0329550008979","-78.904037"
"02/27/2022","AQS","370630015","3","6.5","ug/m3 LC","27","Durham Armory","1","100.0000","88101","PM2.5 - Local Conditions","20500","Durham-Chapel Hill, NC","37","North Carolina","063","Durham","36.0329550008979","-78.904037"
"02/28/2022","AQS","370630015","3","4.7","ug/m3 LC","20","Durham Armory","1","100.0000","88101","PM2.5 - Local Conditions","20500","Durham-Chapel Hill, NC","37","North Carolina","063","Durham","36.0329550008979","-78.904037"
"03/01/2022","AQS","370630015","3","7.1","ug/m3 LC","30","Durham Armory","1","100.0000","88101","PM2.5 - Local Conditions","20500","Durham-Chapel Hill, NC","37","North Carolina","063","Durham","36.0329550008979","-78.904037"
"03/02/2022","AQS","370630015","3","8.1","ug/m3 LC","34","Durham Armory","1","100.0000","88101","PM2.5 - Local Conditions","20500","Durham-Chapel Hill, NC","37","North Carolina","063","Durham","36.0329550008979","-78.904037"
"03/03/2022","AQS","370630015","3","8.4","ug/m3 LC","35","Durham Armory","1","100.0000","88101","PM2.5 - Local Conditions","20500","Durham-Chapel Hill, NC","37","North Carolina","063","Durham","36.0329550008979","-78.904037"
"03/04/2022","AQS","370630015","3","5.3","ug/m3 LC","22","Durham Armory","1","100.0000","88101","PM2.5 - Local Conditions","20500","Durham-Chapel Hill, NC","37","North Carolina","063","Durham","36.0329550008979","-78.904037"
"03/05/2022","AQS","370630015","3","14.7","ug/m3 LC","56","Durham Armory","1","100.0000","88101","PM2.5 - Local Conditions","20500","Durham-Chapel Hill, NC","37","North Carolina","063","Durham","36.0329550008979","-78.904037"
"03/06/2022","AQS","370630015","3","9.7","ug/m3 LC","40","Durham Armory","1","100.0000","88101","PM2.5 - Local Conditions","20500","Durham-Chapel Hill, NC","37","North Carolina","063","Durham","36.0329550008979","-78.904037"
"03/07/2022","AQS","370630015","3","6.9","ug/m3 LC","29","Durham Armory","1","100.0000","88101","PM2.5 - Local Conditions","20500","Durham-Chapel Hill, NC","37","North Carolina","063","Durham","36.0329550008979","-78.904037"
"03/08/2022","AQS","370630015","3","3.6","ug/m3 LC","15","Durham Armory","1","100.0000","88101","PM2.5 - Local Conditions","20500","Durham-Chapel Hill, NC","37","North Carolina","063","Durham","36.0329550008979","-78.904037"
"03/09/2022","AQS","370630015","3","3.4","ug/m3 LC","14","Durham Armory","1","100.0000","88101","PM2.5 - Local Conditions","20500","Durham-Chapel Hill, NC","37","North Carolina","063","Durham","36.0329550008979","-78.904037"
"03/10/2022","AQS","370630015","3","4.5","ug/m3 LC","19","Durham Armory","1","100.0000","88101","PM2.5 - Local Conditions","20500","Durham-Chapel Hill, NC","37","North Carolina","063","Durham","36.0329550008979","-78.904037"
"03/11/2022","AQS","370630015","3","5.7","ug/m3 LC","24","Durham Armory","1","100.0000","88101","PM2.5 - Local Conditions","20500","Durham-Chapel Hill, NC","37","North Carolina","063","Durham","36.0329550008979","-78.904037"
"03/12/2022","AQS","370630015","3","4.4","ug/m3 LC","18","Durham Armory","1","100.0000","88101","PM2.5 - Local Conditions","20500","Durham-Chapel Hill, NC","37","North Carolina","063","Durham","36.0329550008979","-78.904037"
"03/13/2022","AQS","370630015","3","4.8","ug/m3 LC","20","Durham Armory","1","100.0000","88101","PM2.5 - Local Conditions","20500","Durham-Chapel Hill, NC","37","North Carolina","063","Durham","36.0329550008979","-78.904037"
"03/14/2022","AQS","370630015","3","5.8","ug/m3 LC","24","Durham Armory","1","100.0000","88101","PM2.5 - Local Conditions","20500","Durham-Chapel Hill, NC","37","North Carolina","063","Durham","36.0329550008979","-78.904037"
"03/15/2022","AQS","370630015","3","11.6","ug/m3 LC","48","Durham Armory","1","100.0000","88101","PM2.5 - Local Conditions","20500","Durham-Chapel Hill, NC","37","North Carolina","063","Durham","36.0329550008979","-78.904037"
"03/16/2022","AQS","370630015","3","12","ug/m3 LC","50","Durham Armory","1","100.0000","88101","PM2.5 - Local Conditions","20500","Durham-Chapel Hill, NC","37","North Carolina","063","Durham","36.0329550008979","-78.904037"
"03/17/2022","AQS","370630015","3","4.8","ug/m3 LC","20","Durham Armory","1","100.0000","88101","PM2.5 - Local Conditions","20500","Durham-Chapel Hill, NC","37","North Carolina","063","Durham","36.0329550008979","-78.904037"
"03/18/2022","AQS","370630015","3","8","ug/m3 LC","33","Durham Armory","1","100.0000","88101","PM2.5 - Local Conditions","20500","Durham-Chapel Hill, NC","37","North Carolina","063","Durham","36.0329550008979","-78.904037"
"03/19/2022","AQS","370630015","3","6.5","ug/m3 LC","27","Durham Armory","1","100.0000","88101","PM2.5 - Local Conditions","20500","Durham-Chapel Hill, NC","37","North Carolina","063","Durham","36.0329550008979","-78.904037"
"03/20/2022","AQS","370630015","3","2.4","ug/m3 LC","10","Durham Armory","1","100.0000","88101","PM2.5 - Local Conditions","20500","Durham-Chapel Hill, NC","37","North Carolina","063","Durham","36.0329550008979","-78.904037"
"03/21/2022","AQS","370630015","3","5.1","ug/m3 LC","21","Durham Armory","1","100.0000","88101","PM2.5 - Local Conditions","20500","Durham-Chapel Hill, NC","37","North Carolina","063","Durham","36.0329550008979","-78.904037"
"03/22/2022","AQS","370630015","3","9.8","ug/m3 LC","41","Durham Armory","1","100.0000","88101","PM2.5 - Local Conditions","20500","Durham-Chapel Hill, NC","37","North Carolina","063","Durham","36.0329550008979","-78.904037"
"03/23/2022","AQS","370630015","3","6.7","ug/m3 LC","28","Durham Armory","1","100.0000","88101","PM2.5 - Local Conditions","20500","Durham-Chapel Hill, NC","37","North Carolina","063","Durham","36.0329550008979","-78.904037"
"03/24/2022","AQS","370630015","3","5.8","ug/m3 LC","24","Durham Armory","1","100.0000","88101","PM2.5 - Local Conditions","20500","Durham-Chapel Hill, NC","37","North Carolina","063","Durham","36.0329550008979","-78.904037"
"03/25/2022","AQS","370630015","3","4.5","ug/m3 LC","19","Durham Armory","1","100.0000","88101","PM2.5 - Local Conditions","20500","Durham-Chapel Hill, NC","37","North Carolina","063","Durham","36.0329550008979","-78.904037"
"03/26/2022","AQS","370630015","3","2.3","ug/m3 LC","10","Durham Armory","1","100.0000","88101","PM2.5 - Local Conditions","20500","Durham-Chapel Hill, NC","37","North Carolina","063","Durham","36.0329550008979","-78.904037"
"03/27/2022","AQS","370630015","3","2.2","ug/m3 LC","9","Durham Armory","1","100.0000","88101","PM2.5 - Local Conditions","20500","Durham-Chapel Hill, NC","37","North Carolina","063","Durham","36.0329550008979","-78.904037"
"03/28/2022","AQS","370630015","3","2.7","ug/m3 LC","11","Durham Armory","1","100.0000","88101","PM2.5 - Local Conditions","20500","Durham-Chapel Hill, NC","37","North Carolina","063","Durham","36.0329550008979","-78.904037"
"03/29/2022","AQS","370630015","3","4.6","ug/m3 LC","19","Durham Armory","1","100.0000","88101","PM2.5 - Local Conditions","20500","Durham-Chapel Hill, NC","37","North Carolina","063","Durham","36.0329550008979","-78.904037"
"03/30/2022","AQS","370630015","3","10","ug/m3 LC","42","Durham Armory","1","100.0000","88101","PM2.5 - Local Conditions","20500","Durham-Chapel Hill, NC","37","North Carolina","063","Durham","36.0329550008979","-78.904037"
"03/31/2022","AQS","370630015","3","8.6","ug/m3 LC","36","Durham Armory","1","100.0000","88101","PM2.5 - Local Conditions","20500","Durham-Chapel Hill, NC","37","North Carolina","063","Durham","36.0329550008979","-78.904037"
"04/01/2022","AQS","370630015","3","4.6","ug/m3 LC","19","Durham Armory","1","100.0000","88101","PM2.5 - Local Conditions","20500","Durham-Chapel Hill, NC","37","North Carolina","063","Durham","36.0329550008979","-78.904037"
"04/02/2022","AQS","370630015","3","4.9","ug/m3 LC","20","Durham Armory","1","100.0000","88101","PM2.5 - Local Conditions","20500","Durham-Chapel Hill, NC","37","North Carolina","063","Durham","36.0329550008979","-78.904037"
"04/03/2022","AQS","370630015","3","7.7","ug/m3 LC","32","Durham Armory","1","100.0000","88101","PM2.5 - Local Conditions","20500","Durham-Chapel Hill, NC","37","North Carolina","063","Durham","36.0329550008979","-78.904037"
"04/04/2022","AQS","370630015","3","7.8","ug/m3 LC","33","Durham Armory","1","100.0000","88101","PM2.5 - Local Conditions","20500","Durham-Chapel Hill, NC","37","North Carolina","063","Durham","36.0329550008979","-78.904037"
"04/05/2022","AQS","370630015","3","9.9","ug/m3 LC","41","Durham Armory","1","100.0000","88101","PM2.5 - Local Conditions","20500","Durham-Chapel Hill, NC","37","North Carolina","063","Durham","36.0329550008979","-78.904037"
"04/06/2022","AQS","370630015","3","5.6","ug/m3 LC","23","Durham Armory","1","100.0000","88101","PM2.5 - Local Conditions","20500","Durham-Chapel Hill, NC","37","North Carolina","063","Durham","36.0329550008979","-78.904037"
"04/07/2022","AQS","370630015","3","5.4","ug/m3 LC","23","Durham Armory","1","100.0000","88101","PM2.5 - Local Conditions","20500","Durham-Chapel Hill, NC","37","North Carolina","063","Durham","36.0329550008979","-78.904037"
"04/08/2022","AQS","370630015","3","2.8","ug/m3 LC","12","Durham Armory","1","100.0000","88101","PM2.5 - Local Conditions","20500","Durham-Chapel Hill, NC","37","North Carolina","063","Durham","36.0329550008979","-78.904037"
"04/09/2022","AQS","370630015","3","1.7","ug/m3 LC","7","Durham Armory","1","100.0000","88101","PM2.5 - Local Conditions","20500","Durham-Chapel Hill, NC","37","North Carolina","063","Durham","36.0329550008979","-78.904037"
"04/10/2022","AQS","370630015","3","2","ug/m3 LC","8","Durham Armory","1","100.0000","88101","PM2.5 - Local Conditions","20500","Durham-Chapel Hill, NC","37","North Carolina","063","Durham","36.0329550008979","-78.904037"
"04/11/2022","AQS","370630015","3","11.7","ug/m3 LC","49","Durham Armory","1","100.0000","88101","PM2.5 - Local Conditions","20500","Durham-Chapel Hill, NC","37","North Carolina","063","Durham","36.0329550008979","-78.904037"
"04/12/2022","AQS","370630015","3","11","ug/m3 LC","46","Durham Armory","1","100.0000","88101","PM2.5 - Local Conditions","20500","Durham-Chapel Hill, NC","37","North Carolina","063","Durham","36.0329550008979","-78.904037"
"04/13/2022","AQS","370630015","3","10.4","ug/m3 LC","43","Durham Armory","1","100.0000","88101","PM2.5 - Local Conditions","20500","Durham-Chapel Hill, NC","37","North Carolina","063","Durham","36.0329550008979","-78.904037"
"04/14/2022","AQS","370630015","3","8.5","ug/m3 LC","35","Durham Armory","1","100.0000","88101","PM2.5 - Local Conditions","20500","Durham-Chapel Hill, NC","37","North Carolina","063","Durham","36.0329550008979","-78.904037"
"04/15/2022","AQS","370630015","3","2.5","ug/m3 LC","10","Durham Armory","1","100.0000","88101","PM2.5 - Local Conditions","20500","Durham-Chapel Hill, NC","37","North Carolina","063","Durham","36.0329550008979","-78.904037"
"04/16/2022","AQS","370630015","3","7","ug/m3 LC","29","Durham Armory","1","100.0000","88101","PM2.5 - Local Conditions","20500","Durham-Chapel Hill, NC","37","North Carolina","063","Durham","36.0329550008979","-78.904037"
"04/17/2022","AQS","370630015","3","7.2","ug/m3 LC","30","Durham Armory","1","100.0000","88101","PM2.5 - Local Conditions","20500","Durham-Chapel Hill, NC","37","North Carolina","063","Durham","36.0329550008979","-78.904037"
"04/18/2022","AQS","370630015","3","3.3","ug/m3 LC","14","Durham Armory","1","100.0000","88101","PM2.5 - Local Conditions","20500","Durham-Chapel Hill, NC","37","North Carolina","063","Durham","36.0329550008979","-78.904037"
"04/19/2022","AQS","370630015","3","3.4","ug/m3 LC","14","Durham Armory","1","100.0000","88101","PM2.5 - Local Conditions","20500","Durham-Chapel Hill, NC","37","North Carolina","063","Durham","36.0329550008979","-78.904037"
"04/20/2022","AQS","370630015","3","6.6","ug/m3 LC","28","Durham Armory","1","100.0000","88101","PM2.5 - Local Conditions","20500","Durham-Chapel Hill, NC","37","North Carolina","063","Durham","36.0329550008979","-78.904037"
"04/21/2022","AQS","370630015","3","6.9","ug/m3 LC","29","Durham Armory","1","100.0000","88101","PM2.5 - Local Conditions","20500","Durham-Chapel Hill, NC","37","North Carolina","063","Durham","36.0329550008979","-78.904037"
"04/22/2022","AQS","370630015","3","10.5","ug/m3 LC","44","Durham Armory","1","100.0000","88101","PM2.5 - Local Conditions","20500","Durham-Chapel Hill, NC","37","North Carolina","063","Durham","36.0329550008979","-78.904037"
"04/23/2022","AQS","370630015","3","12.5","ug/m3 LC","52","Durham Armory","1","100.0000","88101","PM2.5 - Local Conditions","20500","Durham-Chapel Hill, NC","37","North Carolina","063","Durham","36.0329550008979","-78.904037"
"04/24/2022","AQS","370630015","3","9.5","ug/m3 LC","40","Durham Armory","1","100.0000","88101","PM2.5 - Local Conditions","20500","Durham-Chapel Hill, NC","37","North Carolina","063","Durham","36.0329550008979","-78.904037"
"04/25/2022","AQS","370630015","3","9.9","ug/m3 LC","41","Durham Armory","1","100.0000","88101","PM2.5 - Local Conditions","20500","Durham-Chapel Hill, NC","37","North Carolina","063","Durham","36.0329550008979","-78.904037"
"04/26/2022","AQS","370630015","3","10","ug/m3 LC","42","Durham Armory","1","100.0000","88101","PM2.5 - Local Conditions","20500","Durham-Chapel Hill, NC","37","North Carolina","063","Durham","36.0329550008979","-78.904037"
"04/27/2022","AQS","370630015","3","3.9","ug/m3 LC","16","Durham Armory","1","100.0000","88101","PM2.5 - Local Conditions","20500","Durham-Chapel Hill, NC","37","North Carolina","063","Durham","36.0329550008979","-78.904037"
"04/28/2022","AQS","370630015","3","5.1","ug/m3 LC","21","Durham Armory","1","100.0000","88101","PM2.5 - Local Conditions","20500","Durham-Chapel Hill, NC","37","North Carolina","063","Durham","36.0329550008979","-78.904037"
"04/29/2022","AQS","370630015","3","7.4","ug/m3 LC","31","Durham Armory","1","100.0000","88101","PM2.5 - Local Conditions","20500","Durham-Chapel Hill, NC","37","North Carolina","063","Durham","36.0329550008979","-78.904037"
"04/30/2022","AQS","370630015","3","11.3","ug/m3 LC","47","Durham Armory","1","100.0000","88101","PM2.5 - Local Conditions","20500","Durham-Chapel Hill, NC","37","North Carolina","063","Durham","36.0329550008979","-78.904037"
"05/01/2022","AQS","370630015","3","10.2","ug/m3 LC","43","Durham Armory","1","100.0000","88101","PM2.5 - Local Conditions","20500","Durham-Chapel Hill, NC","37","North Carolina","063","Durham","36.0329550008979","-78.904037"
"05/02/2022","AQS","370630015","3","9.6","ug/m3 LC","40","Durham Armory","1","100.0000","88101","PM2.5 - Local Conditions","20500","Durham-Chapel Hill, NC","37","North Carolina","063","Durham","36.0329550008979","-78.904037"
"05/03/2022","AQS","370630015","3","12.8","ug/m3 LC","52","Durham Armory","1","100.0000","88101","PM2.5 - Local Conditions","20500","Durham-Chapel Hill, NC","37","North Carolina","063","Durham","36.0329550008979","-78.904037"
"05/04/2022","AQS","370630015","3","8.3","ug/m3 LC","35","Durham Armory","1","100.0000","88101","PM2.5 - Local Conditions","20500","Durham-Chapel Hill, NC","37","North Carolina","063","Durham","36.0329550008979","-78.904037"
"05/05/2022","AQS","370630015","3","8.9","ug/m3 LC","37","Durham Armory","1","100.0000","88101","PM2.5 - Local Conditions","20500","Durham-Chapel Hill, NC","37","North Carolina","063","Durham","36.0329550008979","-78.904037"
"05/06/2022","AQS","370630015","3","9.2","ug/m3 LC","38","Durham Armory","1","100.0000","88101","PM2.5 - Local Conditions","20500","Durham-Chapel Hill, NC","37","North Carolina","063","Durham","36.0329550008979","-78.904037"
"05/07/2022","AQS","370630015","3","2.9","ug/m3 LC","12","Durham Armory","1","100.0000","88101","PM2.5 - Local Conditions","20500","Durham-Chapel Hill, NC","37","North Carolina","063","Durham","36.0329550008979","-78.904037"
"05/08/2022","AQS","370630015","3","2","ug/m3 LC","8","Durham Armory","1","100.0000","88101","PM2.5 - Local Conditions","20500","Durham-Chapel Hill, NC","37","North Carolina","063","Durham","36.0329550008979","-78.904037"
"05/09/2022","AQS","370630015","3","4.4","ug/m3 LC","18","Durham Armory","1","100.0000","88101","PM2.5 - Local Conditions","20500","Durham-Chapel Hill, NC","37","North Carolina","063","Durham","36.0329550008979","-78.904037"
"05/10/2022","AQS","370630015","3","4","ug/m3 LC","17","Durham Armory","1","100.0000","88101","PM2.5 - Local Conditions","20500","Durham-Chapel Hill, NC","37","North Carolina","063","Durham","36.0329550008979","-78.904037"
"05/11/2022","AQS","370630015","3","3.2","ug/m3 LC","13","Durham Armory","1","100.0000","88101","PM2.5 - Local Conditions","20500","Durham-Chapel Hill, NC","37","North Carolina","063","Durham","36.0329550008979","-78.904037"
"05/12/2022","AQS","370630015","3","2.2","ug/m3 LC","9","Durham Armory","1","100.0000","88101","PM2.5 - Local Conditions","20500","Durham-Chapel Hill, NC","37","North Carolina","063","Durham","36.0329550008979","-78.904037"
"05/13/2022","AQS","370630015","3","1.7","ug/m3 LC","7","Durham Armory","1","100.0000","88101","PM2.5 - Local Conditions","20500","Durham-Chapel Hill, NC","37","North Carolina","063","Durham","36.0329550008979","-78.904037"
"05/14/2022","AQS","370630015","3","4","ug/m3 LC","17","Durham Armory","1","100.0000","88101","PM2.5 - Local Conditions","20500","Durham-Chapel Hill, NC","37","North Carolina","063","Durham","36.0329550008979","-78.904037"
"05/15/2022","AQS","370630015","3","5.1","ug/m3 LC","21","Durham Armory","1","100.0000","88101","PM2.5 - Local Conditions","20500","Durham-Chapel Hill, NC","37","North Carolina","063","Durham","36.0329550008979","-78.904037"
"05/16/2022","AQS","370630015","3","6.9","ug/m3 LC","29","Durham Armory","1","100.0000","88101","PM2.5 - Local Conditions","20500","Durham-Chapel Hill, NC","37","North Carolina","063","Durham","36.0329550008979","-78.904037"
"05/17/2022","AQS","370630015","3","5.8","ug/m3 LC","24","Durham Armory","1","100.0000","88101","PM2.5 - Local Conditions","20500","Durham-Chapel Hill, NC","37","North Carolina","063","Durham","36.0329550008979","-78.904037"
"05/18/2022","AQS","370630015","3","9.6","ug/m3 LC","40","Durham Armory","1","100.0000","88101","PM2.5 - Local Conditions","20500","Durham-Chapel Hill, NC","37","North Carolina","063","Durham","36.0329550008979","-78.904037"
"05/19/2022","AQS","370630015","3","11.5","ug/m3 LC","48","Durham Armory","1","100.0000","88101","PM2.5 - Local Conditions","20500","Durham-Chapel Hill, NC","37","North Carolina","063","Durham","36.0329550008979","-78.904037"
"05/20/2022","AQS","370630015","3","12.9","ug/m3 LC","53","Durham Armory","1","100.0000","88101","PM2.5 - Local Conditions","20500","Durham-Chapel Hill, NC","37","North Carolina","063","Durham","36.0329550008979","-78.904037"
"05/21/2022","AQS","370630015","3","9.2","ug/m3 LC","38","Durham Armory","1","100.0000","88101","PM2.5 - Local Conditions","20500","Durham-Chapel Hill, NC","37","North Carolina","063","Durham","36.0329550008979","-78.904037"
"05/22/2022","AQS","370630015","3","8.4","ug/m3 LC","35","Durham Armory","1","100.0000","88101","PM2.5 - Local Conditions","20500","Durham-Chapel Hill, NC","37","North Carolina","063","Durham","36.0329550008979","-78.904037"
"05/23/2022","AQS","370630015","3","4.8","ug/m3 LC","20","Durham Armory","1","100.0000","88101","PM2.5 - Local Conditions","20500","Durham-Chapel Hill, NC","37","North Carolina","063","Durham","36.0329550008979","-78.904037"
"05/24/2022","AQS","370630015","3","2.9","ug/m3 LC","12","Durham Armory","1","100.0000","88101","PM2.5 - Local Conditions","20500","Durham-Chapel Hill, NC","37","North Carolina","063","Durham","36.0329550008979","-78.904037"
"05/25/2022","AQS","370630015","3","1.2","ug/m3 LC","5","Durham Armory","1","100.0000","88101","PM2.5 - Local Conditions","20500","Durham-Chapel Hill, NC","37","North Carolina","063","Durham","36.0329550008979","-78.904037"
"05/26/2022","AQS","370630015","3","3.2","ug/m3 LC","13","Durham Armory","1","100.0000","88101","PM2.5 - Local Conditions","20500","Durham-Chapel Hill, NC","37","North Carolina","063","Durham","36.0329550008979","-78.904037"
"05/27/2022","AQS","370630015","3","4","ug/m3 LC","17","Durham Armory","1","100.0000","88101","PM2.5 - Local Conditions","20500","Durham-Chapel Hill, NC","37","North Carolina","063","Durham","36.0329550008979","-78.904037"
"05/28/2022","AQS","370630015","3","3.6","ug/m3 LC","15","Durham Armory","1","100.0000","88101","PM2.5 - Local Conditions","20500","Durham-Chapel Hill, NC","37","North Carolina","063","Durham","36.0329550008979","-78.904037"
"05/29/2022","AQS","370630015","3","5","ug/m3 LC","21","Durham Armory","1","100.0000","88101","PM2.5 - Local Conditions","20500","Durham-Chapel Hill, NC","37","North Carolina","063","Durham","36.0329550008979","-78.904037"
"05/30/2022","AQS","370630015","3","9.4","ug/m3 LC","39","Durham Armory","1","100.0000","88101","PM2.5 - Local Conditions","20500","Durham-Chapel Hill, NC","37","North Carolina","063","Durham","36.0329550008979","-78.904037"
"05/31/2022","AQS","370630015","3","11","ug/m3 LC","46","Durham Armory","1","100.0000","88101","PM2.5 - Local Conditions","20500","Durham-Chapel Hill, NC","37","North Carolina","063","Durham","36.0329550008979","-78.904037"
"06/01/2022","AQS","370630015","3","12.7","ug/m3 LC","52","Durham Armory","1","100.0000","88101","PM2.5 - Local Conditions","20500","Durham-Chapel Hill, NC","37","North Carolina","063","Durham","36.0329550008979","-78.904037"
"06/02/2022","AQS","370630015","3","12.2","ug/m3 LC","51","Durham Armory","1","100.0000","88101","PM2.5 - Local Conditions","20500","Durham-Chapel Hill, NC","37","North Carolina","063","Durham","36.0329550008979","-78.904037"
"06/03/2022","AQS","370630015","3","4.5","ug/m3 LC","19","Durham Armory","1","100.0000","88101","PM2.5 - Local Conditions","20500","Durham-Chapel Hill, NC","37","North Carolina","063","Durham","36.0329550008979","-78.904037"
"06/04/2022","AQS","370630015","3","7.3","ug/m3 LC","30","Durham Armory","1","100.0000","88101","PM2.5 - Local Conditions","20500","Durham-Chapel Hill, NC","37","North Carolina","063","Durham","36.0329550008979","-78.904037"
"06/05/2022","AQS","370630015","3","8.5","ug/m3 LC","35","Durham Armory","1","100.0000","88101","PM2.5 - Local Conditions","20500","Durham-Chapel Hill, NC","37","North Carolina","063","Durham","36.0329550008979","-78.904037"
"06/06/2022","AQS","370630015","3","9.3","ug/m3 LC","39","Durham Armory","1","100.0000","88101","PM2.5 - Local Conditions","20500","Durham-Chapel Hill, NC","37","North Carolina","063","Durham","36.0329550008979","-78.904037"
"06/07/2022","AQS","370630015","3","11.6","ug/m3 LC","48","Durham Armory","1","100.0000","88101","PM2.5 - Local Conditions","20500","Durham-Chapel Hill, NC","37","North Carolina","063","Durham","36.0329550008979","-78.904037"
"06/08/2022","AQS","370630015","3","11.4","ug/m3 LC","48","Durham Armory","1","100.0000","88101","PM2.5 - Local Conditions","20500","Durham-Chapel Hill, NC","37","North Carolina","063","Durham","36.0329550008979","-78.904037"
"06/09/2022","AQS","370630015","3","5.3","ug/m3 LC","22","Durham Armory","1","100.0000","88101","PM2.5 - Local Conditions","20500","Durham-Chapel Hill, NC","37","North Carolina","063","Durham","36.0329550008979","-78.904037"
"06/10/2022","AQS","370630015","3","5.5","ug/m3 LC","23","Durham Armory","1","100.0000","88101","PM2.5 - Local Conditions","20500","Durham-Chapel Hill, NC","37","North Carolina","063","Durham","36.0329550008979","-78.904037"
"06/11/2022","AQS","370630015","3","9","ug/m3 LC","38","Durham Armory","1","100.0000","88101","PM2.5 - Local Conditions","20500","Durham-Chapel Hill, NC","37","North Carolina","063","Durham","36.0329550008979","-78.904037"
"06/12/2022","AQS","370630015","3","8.1","ug/m3 LC","34","Durham Armory","1","100.0000","88101","PM2.5 - Local Conditions","20500","Durham-Chapel Hill, NC","37","North Carolina","063","Durham","36.0329550008979","-78.904037"
"06/13/2022","AQS","370630015","3","9.8","ug/m3 LC","41","Durham Armory","1","100.0000","88101","PM2.5 - Local Conditions","20500","Durham-Chapel Hill, NC","37","North Carolina","063","Durham","36.0329550008979","-78.904037"
"06/14/2022","AQS","370630015","3","6.3","ug/m3 LC","26","Durham Armory","1","100.0000","88101","PM2.5 - Local Conditions","20500","Durham-Chapel Hill, NC","37","North Carolina","063","Durham","36.0329550008979","-78.904037"
"06/15/2022","AQS","370630015","3","8.6","ug/m3 LC","36","Durham Armory","1","100.0000","88101","PM2.5 - Local Conditions","20500","Durham-Chapel Hill, NC","37","North Carolina","063","Durham","36.0329550008979","-78.904037"
"06/16/2022","AQS","370630015","3","8.4","ug/m3 LC","35","Durham Armory","1","100.0000","88101","PM2.5 - Local Conditions","20500","Durham-Chapel Hill, NC","37","North Carolina","063","Durham","36.0329550008979","-78.904037"
"06/17/2022","AQS","370630015","3","9.1","ug/m3 LC","38","Durham Armory","1","100.0000","88101","PM2.5 - Local Conditions","20500","Durham-Chapel Hill, NC","37","North Carolina","063","Durham","36.0329550008979","-78.904037"
"06/18/2022","AQS","370630015","3","5.3","ug/m3 LC","22","Durham Armory","1","100.0000","88101","PM2.5 - Local Conditions","20500","Durham-Chapel Hill, NC","37","North Carolina","063","Durham","36.0329550008979","-78.904037"
"06/19/2022","AQS","370630015","3","2.5","ug/m3 LC","10","Durham Armory","1","100.0000","88101","PM2.5 - Local Conditions","20500","Durham-Chapel Hill, NC","37","North Carolina","063","Durham","36.0329550008979","-78.904037"
"06/20/2022","AQS","370630015","3","6.3","ug/m3 LC","26","Durham Armory","1","100.0000","88101","PM2.5 - Local Conditions","20500","Durham-Chapel Hill, NC","37","North Carolina","063","Durham","36.0329550008979","-78.904037"
"06/21/2022","AQS","370630015","3","9.5","ug/m3 LC","40","Durham Armory","1","100.0000","88101","PM2.5 - Local Conditions","20500","Durham-Chapel Hill, NC","37","North Carolina","063","Durham","36.0329550008979","-78.904037"
"06/22/2022","AQS","370630015","3","12.7","ug/m3 LC","52","Durham Armory","1","100.0000","88101","PM2.5 - Local Conditions","20500","Durham-Chapel Hill, NC","37","North Carolina","063","Durham","36.0329550008979","-78.904037"
"06/23/2022","AQS","370630015","3","5","ug/m3 LC","21","Durham Armory","1","100.0000","88101","PM2.5 - Local Conditions","20500","Durham-Chapel Hill, NC","37","North Carolina","063","Durham","36.0329550008979","-78.904037"
"06/24/2022","AQS","370630015","3","4.9","ug/m3 LC","20","Durham Armory","1","100.0000","88101","PM2.5 - Local Conditions","20500","Durham-Chapel Hill, NC","37","North Carolina","063","Durham","36.0329550008979","-78.904037"
"06/25/2022","AQS","370630015","3","8","ug/m3 LC","33","Durham Armory","1","100.0000","88101","PM2.5 - Local Conditions","20500","Durham-Chapel Hill, NC","37","North Carolina","063","Durham","36.0329550008979","-78.904037"
"06/26/2022","AQS","370630015","3","6.7","ug/m3 LC","28","Durham Armory","1","100.0000","88101","PM2.5 - Local Conditions","20500","Durham-Chapel Hill, NC","37","North Carolina","063","Durham","36.0329550008979","-78.904037"
"06/27/2022","AQS","370630015","3","5.1","ug/m3 LC","21","Durham Armory","1","100.0000","88101","PM2.5 - Local Conditions","20500","Durham-Chapel Hill, NC","37","North Carolina","063","Durham","36.0329550008979","-78.904037"
"06/28/2022","AQS","370630015","3","6.5","ug/m3 LC","27","Durham Armory","1","100.0000","88101","PM2.5 - Local Conditions","20500","Durham-Chapel Hill, NC","37","North Carolina","063","Durham","36.0329550008979","-78.904037"
"06/29/2022","AQS","370630015","3","9.6","ug/m3 LC","40","Durham Armory","1","100.0000","88101","PM2.5 - Local Conditions","20500","Durham-Chapel Hill, NC","37","North Carolina","063","Durham","36.0329550008979","-78.904037"
"06/30/2022","AQS","370630015","3","8.2","ug/m3 LC","34","Durham Armory","1","100.0000","88101","PM2.5 - Local Conditions","20500","Durham-Chapel Hill, NC","37","North Carolina","063","Durham","36.0329550008979","-78.904037"
"07/01/2022","AirNow","370630015","3","4.6","ug/m3 LC","19","Durham Armory","1","100.0000","88101","PM2.5 - Local Conditions","20500","Durham-Chapel Hill, NC","37","North Carolina","063","Durham","36.0329550008979","-78.904037"
"07/02/2022","AirNow","370630015","3","2.2","ug/m3 LC","9","Durham Armory","1","100.0000","88101","PM2.5 - Local Conditions","20500","Durham-Chapel Hill, NC","37","North Carolina","063","Durham","36.0329550008979","-78.904037"
"07/03/2022","AirNow","370630015","3","5.3","ug/m3 LC","22","Durham Armory","1","100.0000","88101","PM2.5 - Local Conditions","20500","Durham-Chapel Hill, NC","37","North Carolina","063","Durham","36.0329550008979","-78.904037"
"07/04/2022","AirNow","370630015","3","10","ug/m3 LC","42","Durham Armory","1","100.0000","88101","PM2.5 - Local Conditions","20500","Durham-Chapel Hill, NC","37","North Carolina","063","Durham","36.0329550008979","-78.904037"
"07/05/2022","AirNow","370630015","3","6.3","ug/m3 LC","26","Durham Armory","1","100.0000","88101","PM2.5 - Local Conditions","20500","Durham-Chapel Hill, NC","37","North Carolina","063","Durham","36.0329550008979","-78.904037"
"07/06/2022","AirNow","370630015","3","4.7","ug/m3 LC","20","Durham Armory","1","100.0000","88101","PM2.5 - Local Conditions","20500","Durham-Chapel Hill, NC","37","North Carolina","063","Durham","36.0329550008979","-78.904037"
"07/07/2022","AirNow","370630015","3","5","ug/m3 LC","21","Durham Armory","1","100.0000","88101","PM2.5 - Local Conditions","20500","Durham-Chapel Hill, NC","37","North Carolina","063","Durham","36.0329550008979","-78.904037"
"07/08/2022","AirNow","370630015","3","6.5","ug/m3 LC","27","Durham Armory","1","100.0000","88101","PM2.5 - Local Conditions","20500","Durham-Chapel Hill, NC","37","North Carolina","063","Durham","36.0329550008979","-78.904037"
"07/09/2022","AirNow","370630015","3","3.3","ug/m3 LC","14","Durham Armory","1","100.0000","88101","PM2.5 - Local Conditions","20500","Durham-Chapel Hill, NC","37","North Carolina","063","Durham","36.0329550008979","-78.904037"
"07/10/2022","AirNow","370630015","3","2.9","ug/m3 LC","12","Durham Armory","1","100.0000","88101","PM2.5 - Local Conditions","20500","Durham-Chapel Hill, NC","37","North Carolina","063","Durham","36.0329550008979","-78.904037"
"07/11/2022","AirNow","370630015","3","5.9","ug/m3 LC","25","Durham Armory","1","100.0000","88101","PM2.5 - Local Conditions","20500","Durham-Chapel Hill, NC","37","North Carolina","063","Durham","36.0329550008979","-78.904037"
"07/12/2022","AirNow","370630015","3","4.7","ug/m3 LC","20","Durham Armory","1","100.0000","88101","PM2.5 - Local Conditions","20500","Durham-Chapel Hill, NC","37","North Carolina","063","Durham","36.0329550008979","-78.904037"
"07/13/2022","AirNow","370630015","3","5.7","ug/m3 LC","24","Durham Armory","1","100.0000","88101","PM2.5 - Local Conditions","20500","Durham-Chapel Hill, NC","37","North Carolina","063","Durham","36.0329550008979","-78.904037"
"07/14/2022","AirNow","370630015","3","6.1","ug/m3 LC","25","Durham Armory","1","100.0000","88101","PM2.5 - Local Conditions","20500","Durham-Chapel Hill, NC","37","North Carolina","063","Durham","36.0329550008979","-78.904037"
"07/15/2022","AirNow","370630015","3","9.4","ug/m3 LC","39","Durham Armory","1","100.0000","88101","PM2.5 - Local Conditions","20500","Durham-Chapel Hill, NC","37","North Carolina","063","Durham","36.0329550008979","-78.904037"
"07/16/2022","AirNow","370630015","3","8.2","ug/m3 LC","34","Durham Armory","1","100.0000","88101","PM2.5 - Local Conditions","20500","Durham-Chapel Hill, NC","37","North Carolina","063","Durham","36.0329550008979","-78.904037"
"07/17/2022","AirNow","370630015","3","6.6","ug/m3 LC","28","Durham Armory","1","100.0000","88101","PM2.5 - Local Conditions","20500","Durham-Chapel Hill, NC","37","North Carolina","063","Durham","36.0329550008979","-78.904037"
"07/18/2022","AirNow","370630015","3","3.8","ug/m3 LC","16","Durham Armory","1","100.0000","88101","PM2.5 - Local Conditions","20500","Durham-Chapel Hill, NC","37","North Carolina","063","Durham","36.0329550008979","-78.904037"
"07/19/2022","AirNow","370630015","3","5.7","ug/m3 LC","24","Durham Armory","1","100.0000","88101","PM2.5 - Local Conditions","20500","Durham-Chapel Hill, NC","37","North Carolina","063","Durham","36.0329550008979","-78.904037"
"07/20/2022","AirNow","370630015","3","8","ug/m3 LC","33","Durham Armory","1","100.0000","88101","PM2.5 - Local Conditions","20500","Durham-Chapel Hill, NC","37","North Carolina","063","Durham","36.0329550008979","-78.904037"
"07/21/2022","AirNow","370630015","3","6.5","ug/m3 LC","27","Durham Armory","1","100.0000","88101","PM2.5 - Local Conditions","20500","Durham-Chapel Hill, NC","37","North Carolina","063","Durham","36.0329550008979","-78.904037"
"07/22/2022","AirNow","370630015","3","9.7","ug/m3 LC","40","Durham Armory","1","100.0000","88101","PM2.5 - Local Conditions","20500","Durham-Chapel Hill, NC","37","North Carolina","063","Durham","36.0329550008979","-78.904037"
"07/23/2022","AirNow","370630015","3","10","ug/m3 LC","42","Durham Armory","1","100.0000","88101","PM2.5 - Local Conditions","20500","Durham-Chapel Hill, NC","37","North Carolina","063","Durham","36.0329550008979","-78.904037"
"07/24/2022","AirNow","370630015","3","5.7","ug/m3 LC","24","Durham Armory","1","100.0000","88101","PM2.5 - Local Conditions","20500","Durham-Chapel Hill, NC","37","North Carolina","063","Durham","36.0329550008979","-78.904037"
"07/25/2022","AirNow","370630015","3","5.7","ug/m3 LC","24","Durham Armory","1","100.0000","88101","PM2.5 - Local Conditions","20500","Durham-Chapel Hill, NC","37","North Carolina","063","Durham","36.0329550008979","-78.904037"
"07/26/2022","AirNow","370630015","3","2.8","ug/m3 LC","12","Durham Armory","1","100.0000","88101","PM2.5 - Local Conditions","20500","Durham-Chapel Hill, NC","37","North Carolina","063","Durham","36.0329550008979","-78.904037"
"07/27/2022","AirNow","370630015","3","4.2","ug/m3 LC","18","Durham Armory","1","100.0000","88101","PM2.5 - Local Conditions","20500","Durham-Chapel Hill, NC","37","North Carolina","063","Durham","36.0329550008979","-78.904037"
"07/28/2022","AirNow","370630015","3","4.9","ug/m3 LC","20","Durham Armory","1","100.0000","88101","PM2.5 - Local Conditions","20500","Durham-Chapel Hill, NC","37","North Carolina","063","Durham","36.0329550008979","-78.904037"
"07/29/2022","AirNow","370630015","3","3.7","ug/m3 LC","15","Durham Armory","1","100.0000","88101","PM2.5 - Local Conditions","20500","Durham-Chapel Hill, NC","37","North Carolina","063","Durham","36.0329550008979","-78.904037"
"07/30/2022","AirNow","370630015","3","6.4","ug/m3 LC","27","Durham Armory","1","100.0000","88101","PM2.5 - Local Conditions","20500","Durham-Chapel Hill, NC","37","North Carolina","063","Durham","36.0329550008979","-78.904037"
"07/31/2022","AirNow","370630015","3","6.9","ug/m3 LC","29","Durham Armory","1","100.0000","88101","PM2.5 - Local Conditions","20500","Durham-Chapel Hill, NC","37","North Carolina","063","Durham","36.0329550008979","-78.904037"
"08/01/2022","AirNow","370630015","3","4","ug/m3 LC","17","Durham Armory","1","100.0000","88101","PM2.5 - Local Conditions","20500","Durham-Chapel Hill, NC","37","North Carolina","063","Durham","36.0329550008979","-78.904037"
"08/02/2022","AirNow","370630015","3","6","ug/m3 LC","25","Durham Armory","1","100.0000","88101","PM2.5 - Local Conditions","20500","Durham-Chapel Hill, NC","37","North Carolina","063","Durham","36.0329550008979","-78.904037"
"08/03/2022","AirNow","370630015","3","7.2","ug/m3 LC","30","Durham Armory","1","100.0000","88101","PM2.5 - Local Conditions","20500","Durham-Chapel Hill, NC","37","North Carolina","063","Durham","36.0329550008979","-78.904037"
"08/04/2022","AirNow","370630015","3","11.5","ug/m3 LC","48","Durham Armory","1","100.0000","88101","PM2.5 - Local Conditions","20500","Durham-Chapel Hill, NC","37","North Carolina","063","Durham","36.0329550008979","-78.904037"
"08/05/2022","AirNow","370630015","3","5","ug/m3 LC","21","Durham Armory","1","100.0000","88101","PM2.5 - Local Conditions","20500","Durham-Chapel Hill, NC","37","North Carolina","063","Durham","36.0329550008979","-78.904037"
"08/06/2022","AirNow","370630015","3","6.3","ug/m3 LC","26","Durham Armory","1","100.0000","88101","PM2.5 - Local Conditions","20500","Durham-Chapel Hill, NC","37","North Carolina","063","Durham","36.0329550008979","-78.904037"
"08/07/2022","AirNow","370630015","3","3.4","ug/m3 LC","14","Durham Armory","1","100.0000","88101","PM2.5 - Local Conditions","20500","Durham-Chapel Hill, NC","37","North Carolina","063","Durham","36.0329550008979","-78.904037"
"08/08/2022","AirNow","370630015","3","4.1","ug/m3 LC","17","Durham Armory","1","100.0000","88101","PM2.5 - Local Conditions","20500","Durham-Chapel Hill, NC","37","North Carolina","063","Durham","36.0329550008979","-78.904037"
"08/09/2022","AirNow","370630015","3","5.7","ug/m3 LC","24","Durham Armory","1","100.0000","88101","PM2.5 - Local Conditions","20500","Durham-Chapel Hill, NC","37","North Carolina","063","Durham","36.0329550008979","-78.904037"
"08/10/2022","AirNow","370630015","3","5.7","ug/m3 LC","24","Durham Armory","1","100.0000","88101","PM2.5 - Local Conditions","20500","Durham-Chapel Hill, NC","37","North Carolina","063","Durham","36.0329550008979","-78.904037"
"08/11/2022","AirNow","370630015","3","3.4","ug/m3 LC","14","Durham Armory","1","100.0000","88101","PM2.5 - Local Conditions","20500","Durham-Chapel Hill, NC","37","North Carolina","063","Durham","36.0329550008979","-78.904037"
"08/12/2022","AirNow","370630015","3","5.6","ug/m3 LC","23","Durham Armory","1","100.0000","88101","PM2.5 - Local Conditions","20500","Durham-Chapel Hill, NC","37","North Carolina","063","Durham","36.0329550008979","-78.904037"
"08/13/2022","AirNow","370630015","3","5.4","ug/m3 LC","23","Durham Armory","1","100.0000","88101","PM2.5 - Local Conditions","20500","Durham-Chapel Hill, NC","37","North Carolina","063","Durham","36.0329550008979","-78.904037"
"08/14/2022","AirNow","370630015","3","5.8","ug/m3 LC","24","Durham Armory","1","100.0000","88101","PM2.5 - Local Conditions","20500","Durham-Chapel Hill, NC","37","North Carolina","063","Durham","36.0329550008979","-78.904037"
"08/15/2022","AirNow","370630015","3","7.7","ug/m3 LC","32","Durham Armory","1","100.0000","88101","PM2.5 - Local Conditions","20500","Durham-Chapel Hill, NC","37","North Carolina","063","Durham","36.0329550008979","-78.904037"
"08/16/2022","AirNow","370630015","3","5.1","ug/m3 LC","21","Durham Armory","1","100.0000","88101","PM2.5 - Local Conditions","20500","Durham-Chapel Hill, NC","37","North Carolina","063","Durham","36.0329550008979","-78.904037"
"08/17/2022","AirNow","370630015","3","5.7","ug/m3 LC","24","Durham Armory","1","100.0000","88101","PM2.5 - Local Conditions","20500","Durham-Chapel Hill, NC","37","North Carolina","063","Durham","36.0329550008979","-78.904037"
"08/18/2022","AirNow","370630015","3","7.8","ug/m3 LC","33","Durham Armory","1","100.0000","88101","PM2.5 - Local Conditions","20500","Durham-Chapel Hill, NC","37","North Carolina","063","Durham","36.0329550008979","-78.904037"
"08/19/2022","AirNow","370630015","3","6.9","ug/m3 LC","29","Durham Armory","1","100.0000","88101","PM2.5 - Local Conditions","20500","Durham-Chapel Hill, NC","37","North Carolina","063","Durham","36.0329550008979","-78.904037"
"08/20/2022","AirNow","370630015","3","4.5","ug/m3 LC","19","Durham Armory","1","100.0000","88101","PM2.5 - Local Conditions","20500","Durham-Chapel Hill, NC","37","North Carolina","063","Durham","36.0329550008979","-78.904037"
"08/21/2022","AirNow","370630015","3","3.6","ug/m3 LC","15","Durham Armory","1","100.0000","88101","PM2.5 - Local Conditions","20500","Durham-Chapel Hill, NC","37","North Carolina","063","Durham","36.0329550008979","-78.904037"
"08/22/2022","AirNow","370630015","3","4.6","ug/m3 LC","19","Durham Armory","1","100.0000","88101","PM2.5 - Local Conditions","20500","Durham-Chapel Hill, NC","37","North Carolina","063","Durham","36.0329550008979","-78.904037"
"08/23/2022","AirNow","370630015","3","6","ug/m3 LC","25","Durham Armory","1","100.0000","88101","PM2.5 - Local Conditions","20500","Durham-Chapel Hill, NC","37","North Carolina","063","Durham","36.0329550008979","-78.904037"
"08/24/2022","AirNow","370630015","3","8.8","ug/m3 LC","37","Durham Armory","1","100.0000","88101","PM2.5 - Local Conditions","20500","Durham-Chapel Hill, NC","37","North Carolina","063","Durham","36.0329550008979","-78.904037"
"08/25/2022","AirNow","370630015","3","9.5","ug/m3 LC","40","Durham Armory","1","100.0000","88101","PM2.5 - Local Conditions","20500","Durham-Chapel Hill, NC","37","North Carolina","063","Durham","36.0329550008979","-78.904037"
"08/26/2022","AirNow","370630015","3","7.6","ug/m3 LC","32","Durham Armory","1","100.0000","88101","PM2.5 - Local Conditions","20500","Durham-Chapel Hill, NC","37","North Carolina","063","Durham","36.0329550008979","-78.904037"
"08/27/2022","AirNow","370630015","3","5.5","ug/m3 LC","23","Durham Armory","1","100.0000","88101","PM2.5 - Local Conditions","20500","Durham-Chapel Hill, NC","37","North Carolina","063","Durham","36.0329550008979","-78.904037"
"08/28/2022","AirNow","370630015","3","6.9","ug/m3 LC","29","Durham Armory","1","100.0000","88101","PM2.5 - Local Conditions","20500","Durham-Chapel Hill, NC","37","North Carolina","063","Durham","36.0329550008979","-78.904037"
"08/29/2022","AirNow","370630015","3","6.8","ug/m3 LC","28","Durham Armory","1","100.0000","88101","PM2.5 - Local Conditions","20500","Durham-Chapel Hill, NC","37","North Carolina","063","Durham","36.0329550008979","-78.904037"
"08/30/2022","AirNow","370630015","3","3.4","ug/m3 LC","14","Durham Armory","1","100.0000","88101","PM2.5 - Local Conditions","20500","Durham-Chapel Hill, NC","37","North Carolina","063","Durham","36.0329550008979","-78.904037"
"08/31/2022","AirNow","370630015","3","4.9","ug/m3 LC","20","Durham Armory","1","100.0000","88101","PM2.5 - Local Conditions","20500","Durham-Chapel Hill, NC","37","North Carolina","063","Durham","36.0329550008979","-78.904037"
"09/01/2022","AirNow","370630015","3","6.2","ug/m3 LC","26","Durham Armory","1","100.0000","88101","PM2.5 - Local Conditions","20500","Durham-Chapel Hill, NC","37","North Carolina","063","Durham","36.0329550008979","-78.904037"
"09/02/2022","AirNow","370630015","3","8.2","ug/m3 LC","34","Durham Armory","1","100.0000","88101","PM2.5 - Local Conditions","20500","Durham-Chapel Hill, NC","37","North Carolina","063","Durham","36.0329550008979","-78.904037"
"09/03/2022","AirNow","370630015","3","8.3","ug/m3 LC","35","Durham Armory","1","100.0000","88101","PM2.5 - Local Conditions","20500","Durham-Chapel Hill, NC","37","North Carolina","063","Durham","36.0329550008979","-78.904037"
"09/04/2022","AirNow","370630015","3","5.4","ug/m3 LC","23","Durham Armory","1","100.0000","88101","PM2.5 - Local Conditions","20500","Durham-Chapel Hill, NC","37","North Carolina","063","Durham","36.0329550008979","-78.904037"
"09/05/2022","AirNow","370630015","3","4.1","ug/m3 LC","17","Durham Armory","1","100.0000","88101","PM2.5 - Local Conditions","20500","Durham-Chapel Hill, NC","37","North Carolina","063","Durham","36.0329550008979","-78.904037"
"09/06/2022","AirNow","370630015","3","3.1","ug/m3 LC","13","Durham Armory","1","100.0000","88101","PM2.5 - Local Conditions","20500","Durham-Chapel Hill, NC","37","North Carolina","063","Durham","36.0329550008979","-78.904037"
"09/07/2022","AirNow","370630015","3","2.4","ug/m3 LC","10","Durham Armory","1","100.0000","88101","PM2.5 - Local Conditions","20500","Durham-Chapel Hill, NC","37","North Carolina","063","Durham","36.0329550008979","-78.904037"
"09/08/2022","AirNow","370630015","3","1.1","ug/m3 LC","5","Durham Armory","1","100.0000","88101","PM2.5 - Local Conditions","20500","Durham-Chapel Hill, NC","37","North Carolina","063","Durham","36.0329550008979","-78.904037"
"09/09/2022","AirNow","370630015","3","3.8","ug/m3 LC","16","Durham Armory","1","100.0000","88101","PM2.5 - Local Conditions","20500","Durham-Chapel Hill, NC","37","North Carolina","063","Durham","36.0329550008979","-78.904037"
"09/10/2022","AirNow","370630015","3","3.7","ug/m3 LC","15","Durham Armory","1","100.0000","88101","PM2.5 - Local Conditions","20500","Durham-Chapel Hill, NC","37","North Carolina","063","Durham","36.0329550008979","-78.904037"
"09/11/2022","AirNow","370630015","3","2","ug/m3 LC","8","Durham Armory","1","100.0000","88101","PM2.5 - Local Conditions","20500","Durham-Chapel Hill, NC","37","North Carolina","063","Durham","36.0329550008979","-78.904037"
"09/12/2022","AirNow","370630015","3","3.5","ug/m3 LC","15","Durham Armory","1","100.0000","88101","PM2.5 - Local Conditions","20500","Durham-Chapel Hill, NC","37","North Carolina","063","Durham","36.0329550008979","-78.904037"
"09/13/2022","AirNow","370630015","3","4.7","ug/m3 LC","20","Durham Armory","1","100.0000","88101","PM2.5 - Local Conditions","20500","Durham-Chapel Hill, NC","37","North Carolina","063","Durham","36.0329550008979","-78.904037"
"09/14/2022","AirNow","370630015","3","6.4","ug/m3 LC","27","Durham Armory","1","100.0000","88101","PM2.5 - Local Conditions","20500","Durham-Chapel Hill, NC","37","North Carolina","063","Durham","36.0329550008979","-78.904037"
"09/15/2022","AirNow","370630015","3","7.5","ug/m3 LC","31","Durham Armory","1","100.0000","88101","PM2.5 - Local Conditions","20500","Durham-Chapel Hill, NC","37","North Carolina","063","Durham","36.0329550008979","-78.904037"
"09/16/2022","AirNow","370630015","3","12","ug/m3 LC","50","Durham Armory","1","100.0000","88101","PM2.5 - Local Conditions","20500","Durham-Chapel Hill, NC","37","North Carolina","063","Durham","36.0329550008979","-78.904037"
"09/17/2022","AirNow","370630015","3","10.4","ug/m3 LC","43","Durham Armory","1","100.0000","88101","PM2.5 - Local Conditions","20500","Durham-Chapel Hill, NC","37","North Carolina","063","Durham","36.0329550008979","-78.904037"
"09/18/2022","AirNow","370630015","3","7.8","ug/m3 LC","33","Durham Armory","1","100.0000","88101","PM2.5 - Local Conditions","20500","Durham-Chapel Hill, NC","37","North Carolina","063","Durham","36.0329550008979","-78.904037"
"09/19/2022","AirNow","370630015","3","7.7","ug/m3 LC","32","Durham Armory","1","100.0000","88101","PM2.5 - Local Conditions","20500","Durham-Chapel Hill, NC","37","North Carolina","063","Durham","36.0329550008979","-78.904037"
"09/20/2022","AirNow","370630015","3","9.4","ug/m3 LC","39","Durham Armory","1","100.0000","88101","PM2.5 - Local Conditions","20500","Durham-Chapel Hill, NC","37","North Carolina","063","Durham","36.0329550008979","-78.904037"
"09/21/2022","AirNow","370630015","3","8.7","ug/m3 LC","36","Durham Armory","1","100.0000","88101","PM2.5 - Local Conditions","20500","Durham-Chapel Hill, NC","37","North Carolina","063","Durham","36.0329550008979","-78.904037"
"09/23/2022","AirNow","370630015","3","2.8","ug/m3 LC","12","Durham Armory","1","100.0000","88101","PM2.5 - Local Conditions","20500","Durham-Chapel Hill, NC","37","North Carolina","063","Durham","36.0329550008979","-78.904037"
"09/24/2022","AirNow","370630015","3","5.8","ug/m3 LC","24","Durham Armory","1","100.0000","88101","PM2.5 - Local Conditions","20500","Durham-Chapel Hill, NC","37","North Carolina","063","Durham","36.0329550008979","-78.904037"
"09/25/2022","AirNow","370630015","3","7.3","ug/m3 LC","30","Durham Armory","1","100.0000","88101","PM2.5 - Local Conditions","20500","Durham-Chapel Hill, NC","37","North Carolina","063","Durham","36.0329550008979","-78.904037"
"09/26/2022","AirNow","370630015","3","4.6","ug/m3 LC","19","Durham Armory","1","100.0000","88101","PM2.5 - Local Conditions","20500","Durham-Chapel Hill, NC","37","North Carolina","063","Durham","36.0329550008979","-78.904037"
"09/27/2022","AirNow","370630015","3","4.6","ug/m3 LC","19","Durham Armory","1","100.0000","88101","PM2.5 - Local Conditions","20500","Durham-Chapel Hill, NC","37","North Carolina","063","Durham","36.0329550008979","-78.904037"
"09/28/2022","AirNow","370630015","3","4.6","ug/m3 LC","19","Durham Armory","1","100.0000","88101","PM2.5 - Local Conditions","20500","Durham-Chapel Hill, NC","37","North Carolina","063","Durham","36.0329550008979","-78.904037"
"09/29/2022","AirNow","370630015","3","3.8","ug/m3 LC","16","Durham Armory","1","100.0000","88101","PM2.5 - Local Conditions","20500","Durham-Chapel Hill, NC","37","North Carolina","063","Durham","36.0329550008979","-78.904037"
"09/30/2022","AirNow","370630015","3","2.4","ug/m3 LC","10","Durham Armory","1","100.0000","88101","PM2.5 - Local Conditions","20500","Durham-Chapel Hill, NC","37","North Carolina","063","Durham","36.0329550008979","-78.904037"
"10/01/2022","AirNow","370630015","3","3.5","ug/m3 LC","15","Durham Armory","1","100.0000","88101","PM2.5 - Local Conditions","20500","Durham-Chapel Hill, NC","37","North Carolina","063","Durham","36.0329550008979","-78.904037"
"10/02/2022","AirNow","370630015","3","1.4","ug/m3 LC","6","Durham Armory","1","100.0000","88101","PM2.5 - Local Conditions","20500","Durham-Chapel Hill, NC","37","North Carolina","063","Durham","36.0329550008979","-78.904037"
"10/03/2022","AirNow","370630015","3","3.3","ug/m3 LC","14","Durham Armory","1","100.0000","88101","PM2.5 - Local Conditions","20500","Durham-Chapel Hill, NC","37","North Carolina","063","Durham","36.0329550008979","-78.904037"
"10/04/2022","AirNow","370630015","3","2.8","ug/m3 LC","12","Durham Armory","1","100.0000","88101","PM2.5 - Local Conditions","20500","Durham-Chapel Hill, NC","37","North Carolina","063","Durham","36.0329550008979","-78.904037"
"10/05/2022","AirNow","370630015","3","3.8","ug/m3 LC","16","Durham Armory","1","100.0000","88101","PM2.5 - Local Conditions","20500","Durham-Chapel Hill, NC","37","North Carolina","063","Durham","36.0329550008979","-78.904037"
"10/06/2022","AirNow","370630015","3","6.2","ug/m3 LC","26","Durham Armory","1","100.0000","88101","PM2.5 - Local Conditions","20500","Durham-Chapel Hill, NC","37","North Carolina","063","Durham","36.0329550008979","-78.904037"
"10/07/2022","AirNow","370630015","3","8.2","ug/m3 LC","34","Durham Armory","1","100.0000","88101","PM2.5 - Local Conditions","20500","Durham-Chapel Hill, NC","37","North Carolina","063","Durham","36.0329550008979","-78.904037"
"10/08/2022","AirNow","370630015","3","9.6","ug/m3 LC","40","Durham Armory","1","100.0000","88101","PM2.5 - Local Conditions","20500","Durham-Chapel Hill, NC","37","North Carolina","063","Durham","36.0329550008979","-78.904037"
"10/09/2022","AirNow","370630015","3","7.7","ug/m3 LC","32","Durham Armory","1","100.0000","88101","PM2.5 - Local Conditions","20500","Durham-Chapel Hill, NC","37","North Carolina","063","Durham","36.0329550008979","-78.904037"
"10/10/2022","AirNow","370630015","3","7.8","ug/m3 LC","33","Durham Armory","1","100.0000","88101","PM2.5 - Local Conditions","20500","Durham-Chapel Hill, NC","37","North Carolina","063","Durham","36.0329550008979","-78.904037"
"10/22/2022","AirNow","370630015","3","11.6","ug/m3 LC","48","Durham Armory","1","100.0000","88101","PM2.5 - Local Conditions","20500","Durham-Chapel Hill, NC","37","North Carolina","063","Durham","36.0329550008979","-78.904037"
"10/23/2022","AirNow","370630015","3","9.7","ug/m3 LC","40","Durham Armory","1","100.0000","88101","PM2.5 - Local Conditions","20500","Durham-Chapel Hill, NC","37","North Carolina","063","Durham","36.0329550008979","-78.904037"
"10/24/2022","AirNow","370630015","3","6.8","ug/m3 LC","28","Durham Armory","1","100.0000","88101","PM2.5 - Local Conditions","20500","Durham-Chapel Hill, NC","37","North Carolina","063","Durham","36.0329550008979","-78.904037"
"10/25/2022","AirNow","370630015","3","10.7","ug/m3 LC","45","Durham Armory","1","100.0000","88101","PM2.5 - Local Conditions","20500","Durham-Chapel Hill, NC","37","North Carolina","063","Durham","36.0329550008979","-78.904037"
"10/26/2022","AirNow","370630015","3","13.2","ug/m3 LC","53","Durham Armory","1","100.0000","88101","PM2.5 - Local Conditions","20500","Durham-Chapel Hill, NC","37","North Carolina","063","Durham","36.0329550008979","-78.904037"
"10/27/2022","AirNow","370630015","3","3.3","ug/m3 LC","14","Durham Armory","1","100.0000","88101","PM2.5 - Local Conditions","20500","Durham-Chapel Hill, NC","37","North Carolina","063","Durham","36.0329550008979","-78.904037"
"10/28/2022","AirNow","370630015","3","5.3","ug/m3 LC","22","Durham Armory","1","100.0000","88101","PM2.5 - Local Conditions","20500","Durham-Chapel Hill, NC","37","North Carolina","063","Durham","36.0329550008979","-78.904037"
"10/29/2022","AirNow","370630015","3","5.6","ug/m3 LC","23","Durham Armory","1","100.0000","88101","PM2.5 - Local Conditions","20500","Durham-Chapel Hill, NC","37","North Carolina","063","Durham","36.0329550008979","-78.904037"
"10/30/2022","AirNow","370630015","3","6.6","ug/m3 LC","28","Durham Armory","1","100.0000","88101","PM2.5 - Local Conditions","20500","Durham-Chapel Hill, NC","37","North Carolina","063","Durham","36.0329550008979","-78.904037"
"10/31/2022","AirNow","370630015","3","9.1","ug/m3 LC","38","Durham Armory","1","100.0000","88101","PM2.5 - Local Conditions","20500","Durham-Chapel Hill, NC","37","North Carolina","063","Durham","36.0329550008979","-78.904037"
"11/01/2022","AirNow","370630015","3","5.8","ug/m3 LC","24","Durham Armory","1","100.0000","88101","PM2.5 - Local Conditions","20500","Durham-Chapel Hill, NC","37","North Carolina","063","Durham","36.0329550008979","-78.904037"
"11/02/2022","AirNow","370630015","3","7.1","ug/m3 LC","30","Durham Armory","1","100.0000","88101","PM2.5 - Local Conditions","20500","Durham-Chapel Hill, NC","37","North Carolina","063","Durham","36.0329550008979","-78.904037"
"11/03/2022","AirNow","370630015","3","11","ug/m3 LC","46","Durham Armory","1","100.0000","88101","PM2.5 - Local Conditions","20500","Durham-Chapel Hill, NC","37","North Carolina","063","Durham","36.0329550008979","-78.904037"
"11/04/2022","AirNow","370630015","3","8.7","ug/m3 LC","36","Durham Armory","1","100.0000","88101","PM2.5 - Local Conditions","20500","Durham-Chapel Hill, NC","37","North Carolina","063","Durham","36.0329550008979","-78.904037"
"11/05/2022","AirNow","370630015","3","8","ug/m3 LC","33","Durham Armory","1","100.0000","88101","PM2.5 - Local Conditions","20500","Durham-Chapel Hill, NC","37","North Carolina","063","Durham","36.0329550008979","-78.904037"
"11/06/2022","AirNow","370630015","3","5.5","ug/m3 LC","23","Durham Armory","1","100.0000","88101","PM2.5 - Local Conditions","20500","Durham-Chapel Hill, NC","37","North Carolina","063","Durham","36.0329550008979","-78.904037"
"11/07/2022","AirNow","370630015","3","7.7","ug/m3 LC","32","Durham Armory","1","100.0000","88101","PM2.5 - Local Conditions","20500","Durham-Chapel Hill, NC","37","North Carolina","063","Durham","36.0329550008979","-78.904037"
"11/08/2022","AirNow","370630015","3","5.3","ug/m3 LC","22","Durham Armory","1","100.0000","88101","PM2.5 - Local Conditions","20500","Durham-Chapel Hill, NC","37","North Carolina","063","Durham","36.0329550008979","-78.904037"
"11/09/2022","AirNow","370630015","3","3.8","ug/m3 LC","16","Durham Armory","1","100.0000","88101","PM2.5 - Local Conditions","20500","Durham-Chapel Hill, NC","37","North Carolina","063","Durham","36.0329550008979","-78.904037"
"11/10/2022","AirNow","370630015","3","5.5","ug/m3 LC","23","Durham Armory","1","100.0000","88101","PM2.5 - Local Conditions","20500","Durham-Chapel Hill, NC","37","North Carolina","063","Durham","36.0329550008979","-78.904037"
"11/11/2022","AirNow","370630015","3","1.1","ug/m3 LC","5","Durham Armory","1","100.0000","88101","PM2.5 - Local Conditions","20500","Durham-Chapel Hill, NC","37","North Carolina","063","Durham","36.0329550008979","-78.904037"
"11/12/2022","AirNow","370630015","3","3.9","ug/m3 LC","16","Durham Armory","1","100.0000","88101","PM2.5 - Local Conditions","20500","Durham-Chapel Hill, NC","37","North Carolina","063","Durham","36.0329550008979","-78.904037"
"11/13/2022","AirNow","370630015","3","2.4","ug/m3 LC","10","Durham Armory","1","100.0000","88101","PM2.5 - Local Conditions","20500","Durham-Chapel Hill, NC","37","North Carolina","063","Durham","36.0329550008979","-78.904037"
"11/14/2022","AirNow","370630015","3","5.2","ug/m3 LC","22","Durham Armory","1","100.0000","88101","PM2.5 - Local Conditions","20500","Durham-Chapel Hill, NC","37","North Carolina","063","Durham","36.0329550008979","-78.904037"
"11/15/2022","AirNow","370630015","3","3.9","ug/m3 LC","16","Durham Armory","1","100.0000","88101","PM2.5 - Local Conditions","20500","Durham-Chapel Hill, NC","37","North Carolina","063","Durham","36.0329550008979","-78.904037"
"11/16/2022","AirNow","370630015","3","1.4","ug/m3 LC","6","Durham Armory","1","100.0000","88101","PM2.5 - Local Conditions","20500","Durham-Chapel Hill, NC","37","North Carolina","063","Durham","36.0329550008979","-78.904037"
"11/18/2022","AirNow","370630015","3","7.3","ug/m3 LC","30","Durham Armory","1","100.0000","88101","PM2.5 - Local Conditions","20500","Durham-Chapel Hill, NC","37","North Carolina","063","Durham","36.0329550008979","-78.904037"
"11/19/2022","AirNow","370630015","3","10.9","ug/m3 LC","45","Durham Armory","1","100.0000","88101","PM2.5 - Local Conditions","20500","Durham-Chapel Hill, NC","37","North Carolina","063","Durham","36.0329550008979","-78.904037"
"11/20/2022","AirNow","370630015","3","6.5","ug/m3 LC","27","Durham Armory","1","100.0000","88101","PM2.5 - Local Conditions","20500","Durham-Chapel Hill, NC","37","North Carolina","063","Durham","36.0329550008979","-78.904037"
"11/21/2022","AirNow","370630015","3","9.3","ug/m3 LC","39","Durham Armory","1","100.0000","88101","PM2.5 - Local Conditions","20500","Durham-Chapel Hill, NC","37","North Carolina","063","Durham","36.0329550008979","-78.904037"
"11/22/2022","AirNow","370630015","3","8.6","ug/m3 LC","36","Durham Armory","1","100.0000","88101","PM2.5 - Local Conditions","20500","Durham-Chapel Hill, NC","37","North Carolina","063","Durham","36.0329550008979","-78.904037"
"11/23/2022","AirNow","370630015","3","9.5","ug/m3 LC","40","Durham Armory","1","100.0000","88101","PM2.5 - Local Conditions","20500","Durham-Chapel Hill, NC","37","North Carolina","063","Durham","36.0329550008979","-78.904037"
"11/24/2022","AirNow","370630015","3","10.4","ug/m3 LC","43","Durham Armory","1","100.0000","88101","PM2.5 - Local Conditions","20500","Durham-Chapel Hill, NC","37","North Carolina","063","Durham","36.0329550008979","-78.904037"
"11/25/2022","AirNow","370630015","3","8","ug/m3 LC","33","Durham Armory","1","100.0000","88101","PM2.5 - Local Conditions","20500","Durham-Chapel Hill, NC","37","North Carolina","063","Durham","36.0329550008979","-78.904037"
"11/26/2022","AirNow","370630015","3","6.3","ug/m3 LC","26","Durham Armory","1","100.0000","88101","PM2.5 - Local Conditions","20500","Durham-Chapel Hill, NC","37","North Carolina","063","Durham","36.0329550008979","-78.904037"
"11/27/2022","AirNow","370630015","3","8.3","ug/m3 LC","35","Durham Armory","1","100.0000","88101","PM2.5 - Local Conditions","20500","Durham-Chapel Hill, NC","37","North Carolina","063","Durham","36.0329550008979","-78.904037"
"11/28/2022","AirNow","370630015","3","2.1","ug/m3 LC","9","Durham Armory","1","100.0000","88101","PM2.5 - Local Conditions","20500","Durham-Chapel Hill, NC","37","North Carolina","063","Durham","36.0329550008979","-78.904037"
"11/29/2022","AirNow","370630015","3","5.7","ug/m3 LC","24","Durham Armory","1","100.0000","88101","PM2.5 - Local Conditions","20500","Durham-Chapel Hill, NC","37","North Carolina","063","Durham","36.0329550008979","-78.904037"
"11/30/2022","AirNow","370630015","3","5.2","ug/m3 LC","22","Durham Armory","1","100.0000","88101","PM2.5 - Local Conditions","20500","Durham-Chapel Hill, NC","37","North Carolina","063","Durham","36.0329550008979","-78.904037"
"12/01/2022","AirNow","370630015","3","3.1","ug/m3 LC","13","Durham Armory","1","100.0000","88101","PM2.5 - Local Conditions","20500","Durham-Chapel Hill, NC","37","North Carolina","063","Durham","36.0329550008979","-78.904037"
"12/02/2022","AirNow","370630015","3","6.8","ug/m3 LC","28","Durham Armory","1","100.0000","88101","PM2.5 - Local Conditions","20500","Durham-Chapel Hill, NC","37","North Carolina","063","Durham","36.0329550008979","-78.904037"
"12/03/2022","AirNow","370630015","3","7.1","ug/m3 LC","30","Durham Armory","1","100.0000","88101","PM2.5 - Local Conditions","20500","Durham-Chapel Hill, NC","37","North Carolina","063","Durham","36.0329550008979","-78.904037"
"12/04/2022","AirNow","370630015","3","4","ug/m3 LC","17","Durham Armory","1","100.0000","88101","PM2.5 - Local Conditions","20500","Durham-Chapel Hill, NC","37","North Carolina","063","Durham","36.0329550008979","-78.904037"
"12/05/2022","AirNow","370630015","3","8.2","ug/m3 LC","34","Durham Armory","1","100.0000","88101","PM2.5 - Local Conditions","20500","Durham-Chapel Hill, NC","37","North Carolina","063","Durham","36.0329550008979","-78.904037"
"12/06/2022","AirNow","370630015","3","8.9","ug/m3 LC","37","Durham Armory","1","100.0000","88101","PM2.5 - Local Conditions","20500","Durham-Chapel Hill, NC","37","North Carolina","063","Durham","36.0329550008979","-78.904037"
"12/07/2022","AirNow","370630015","3","10.5","ug/m3 LC","44","Durham Armory","1","100.0000","88101","PM2.5 - Local Conditions","20500","Durham-Chapel Hill, NC","37","North Carolina","063","Durham","36.0329550008979","-78.904037"
"12/08/2022","AirNow","370630015","3","5.8","ug/m3 LC","24","Durham Armory","1","100.0000","88101","PM2.5 - Local Conditions","20500","Durham-Chapel Hill, NC","37","North Carolina","063","Durham","36.0329550008979","-78.904037"
"12/09/2022","AirNow","370630015","3","5","ug/m3 LC","21","Durham Armory","1","100.0000","88101","PM2.5 - Local Conditions","20500","Durham-Chapel Hill, NC","37","North Carolina","063","Durham","36.0329550008979","-78.904037"
"12/10/2022","AirNow","370630015","3","5","ug/m3 LC","21","Durham Armory","1","100.0000","88101","PM2.5 - Local Conditions","20500","Durham-Chapel Hill, NC","37","North Carolina","063","Durham","36.0329550008979","-78.904037"
"12/11/2022","AirNow","370630015","3","7.5","ug/m3 LC","31","Durham Armory","1","100.0000","88101","PM2.5 - Local Conditions","20500","Durham-Chapel Hill, NC","37","North Carolina","063","Durham","36.0329550008979","-78.904037"
"12/12/2022","AirNow","370630015","3","7.9","ug/m3 LC","33","Durham Armory","1","100.0000","88101","PM2.5 - Local Conditions","20500","Durham-Chapel Hill, NC","37","North Carolina","063","Durham","36.0329550008979","-78.904037"
